	AgeBins	Gender	ExpGroups	T0_PHQ13_Binned	T0_SF12_PF	T0_HADS_Binned	T0_NegExpectation	T0_PsychAttribution	T0_IllnessWorry	T0_IncapacityBenefitorDLA	T0_SIMD04_bin	ExpGroups_bin*T0_IncapacityBenefitorDLA	ExpGroups_bin*T0_LackofPsychAttribution	T0_Inemployment
p	9.552855712056027e-11	8.629371841241378e-10	0.0	1.0585404094462134e-21	0.25454255657820835	2.4308113301735286e-12	0.0034185188361486782	3.3651729089493424e-08	1.3543280032998369e-06	0.0011489696141278457	0.20836109688496776	1.8211049570758906e-121	1.1165333089561788e-239	0.894925131261224
stat	49.635455656349535	37.61240985968888	2576.01374776063	100.7756649026629	5.335817960073711	57.1131860352	8.569442138945625	30.48465794681867	30.038854520173196	10.570655750403587	1.5827773147607946	549.2629208743668	1092.965159166417	0.017443751694226076
effect		0.565247674248697	inf				1.3057460006529547	0.6111764391469346		0.7166491164853925	0.886266500245849	0.0	0.0	0.9846139132306
effectCI		[0.47114064562955527, 0.6781519196176059]	[nan, inf]				[1.0948394376236472, 1.557280967081196]	[0.5135287141480481, 0.7273919246911629]		[0.587819991926229, 0.8737129788259199]	[0.7392192791209627, 1.0625646971654465]	[0.0, nan]	[0.0, nan]	[0.8285438787466425, 1.1700823372128546]
