	AgeBins	Gender	ExpGroups	T0_PHQ13_Binned	T0_SF12_PF	T0_HADS_Binned	T0_NegExpectation	T0_PsychAttribution	T0_IllnessWorry	T0_IncapacityBenefitorDLA	T0_SIMD04_bin	ExpGroups_bin*T0_IncapacityBenefitorDLA	ExpGroups_bin*T0_LackofPsychAttribution	T0_Inemployment
p	6.214843539924541e-41	0.0035051227480138543	9.588220792952225e-07	2.4587096293326548e-06	0.21640703859524787	2.1212640123543066e-09	0.059761847220697085	0.0001442842045155794	1.0469488271745187e-05	0.6007426063971486	8.050637478040163e-12	0.12134572643466712	0.0006667239296424522	0.7640200067853168
stat	189.96379373765004	8.52390138820907	24.009085042193384	28.80690819151198	5.7773168552150755	43.303848565123204	3.54398147230113	14.44536879762581	25.806564288709495	0.2738773293773348	46.75337002768093	2.39986493998078	11.579792164465514	0.09012365968583941
effect		1.2309286414794751	1.4440834225837265				1.1462036535878646	0.7630894477055203		0.9545187908177232	0.6127421049565576	0.8181818181818182	0.7242992766726944	0.9767827529021559
effectCI		[1.0723634674207965, 1.4129400771724965]	[1.24765503791881, 1.6714371104209282]				[0.996973759606003, 1.3177707064400241]	[0.6645294675605045, 0.8762673946381436]		[0.8121182162066243, 1.1218885426309892]	[0.5325963329346963, 0.7049483144538075]	[0.6409431258044855, 1.0444319638549449]	[0.6027642757931436, 0.8703393071832007]	[0.8514339862493885, 1.1205854614401698]
