	AgeBins	Gender	ExpGroups	T0_PHQ13_Binned	T0_SF12_PF	T0_HADS_Binned	T0_NegExpectation	T0_PsychAttribution	T0_IllnessWorry	T0_IncapacityBenefitorDLA	T0_SIMD04_bin	ExpGroups_bin*T0_IncapacityBenefitorDLA	ExpGroups_bin*T0_LackofPsychAttribution	T0_Inemployment
p	3.5836047534809796e-10	0.021627952718312637	0.5241767029881379	2.25284067727507e-08	1.6543510598011507e-22	1.5724005554072554e-07	4.0927175001179973e-20	0.006762450522645023	0.02571178053321492	9.780547668208741e-17	0.03607569895030737	5.362103905154057e-07	0.004254277451822369	1.1737569230882811e-15
stat	46.937522918741145	5.275469644179188	0.40566757845121043	38.465254362018726	108.32753922603736	34.47532164026913	84.37509116769279	7.335004630506885	9.286736154553244	69.0132230506211	4.393522813862415	25.128976712376417	8.171965798402491	64.11481321568222
effect		0.8193587741434165	0.9381312142801221				2.2351771487507595	0.7927863723274813		2.528528188735821	1.2109393458669457	2.593948922463379	1.4439270853972657	0.5066713008937438
effectCI		[0.693313555901426, 0.9683191610077985]	[0.7811087054041792, 1.1267191994119437]				[1.8809195046713951, 2.6561566690597957]	[0.6718097719141936, 0.9355479161271323]		[2.024420191755215, 3.1581658922737734]	[1.0161378135814174, 1.4430858489562295]	[1.7755637602591827, 3.7895406309524713]	[1.1271334979833325, 1.849759085036681]	[0.42890280939618824, 0.5985407451883205]
