	Age	T0_PHQ13_Total	T0_PHQNeuro28_Total	T0_HADS	T0_IllnessWorry	T0_SF12_PF
p	5.518272968570728e-11	2.606102360988575e-10	5.8459366811026725e-12	3.954706767971065e-10	0.0071998359196337345	8.207252781059304e-26
stat	-6.584292387331589	-6.345837552286598	-6.916084433431799	-6.280358740453883	-2.689606547038401	10.619389447044147
effect	-0.27416908297855547	-0.26472541922015136	-0.28951999445339055	-0.26195015209340344	-0.11219929946921098	0.4423208841996479
effectCI	[-0.35615726666658165, -0.19218089929052926]	[-0.3468412768467411, -0.18260956159356162]	[-0.37198472965269536, -0.20705525925408577]	[-0.34404628740573995, -0.17985401678106694]	[-0.19405169821356488, -0.03034690072485706]	[0.3597619022440837, 0.524879866155212]
